{"_id":{"$oid":"5e731956fc59537786b78251"},"comment_like":["5e71f3f2fc59537786b7824a","5e70e084fc59537786b78245"],"added_comment":[{"user_id":"5e71f3f2fc59537786b7824a","content":"thats great","comment_like":["5e71f3f2fc59537786b7824a"],"post_date":"12:36 2 Apr 2020","user_name":"sushanth sandhu","image":"https://lh3.googleusercontent.com/a-/AOh14GgDSMJPPEQcnaASO0lp1wibnk7ZogC0SfCSogH_Yw=s96-c"}],"course_id":"5e71cf69daa94a19d4adc7dd","user_id":"5e70e084fc59537786b78245","title":"cdscsaca","content":"cascsacascgyf6yfyaxz","post_date":"12:33 2 Apr 2020","image":"","upload_file":"","file_type":null,"createdAt":{"$date":{"$numberLong":"1584601430909"}},"updatedAt":{"$date":{"$numberLong":"1584601654836"}},"__v":{"$numberInt":"0"}}
{"_id":{"$oid":"5e731a2afc59537786b78252"},"comment_like":[],"added_comment":[],"course_id":"5e71cf69daa94a19d4adc7dd","user_id":"5e71f3f2fc59537786b7824a","title":"DSG","content":" mkm","post_date":"12:37 2 Apr 2020","image":"","upload_file":"","file_type":null,"createdAt":{"$date":{"$numberLong":"1584601642972"}},"updatedAt":{"$date":{"$numberLong":"1584601642972"}},"__v":{"$numberInt":"0"}}
{"_id":{"$oid":"5e731a82fc59537786b78253"},"comment_like":[],"added_comment":[],"course_id":"5e71cf69daa94a19d4adc7dd","user_id":"5e71f3f2fc59537786b7824a","title":"iin","content":"nbj","post_date":"12:38 2 Apr 2020","image":"hqdefault1.jpg","upload_file":"19QTUYFJPI_hqdefault1.jpg","file_type":"image/jpeg","createdAt":{"$date":{"$numberLong":"1584601730867"}},"updatedAt":{"$date":{"$numberLong":"1584601730867"}},"__v":{"$numberInt":"0"}}
{"_id":{"$oid":"5e731b10fc59537786b78254"},"comment_like":["5e723cf8d8c060547cc67c46","5e74c69eed01711b2c79a832"],"added_comment":[],"course_id":"5e71cf69daa94a19d4adc7dd","user_id":"5e70e084fc59537786b78245","title":"cwdc","content":"cwdwcwe22","post_date":"12:41 2 Apr 2020","image":"","upload_file":"","file_type":null,"createdAt":{"$date":{"$numberLong":"1584601872027"}},"updatedAt":{"$date":{"$numberLong":"1584988246790"}},"__v":{"$numberInt":"0"}}
{"_id":{"$oid":"5e75fa00a3fb7b4756adf2d0"},"comment_like":["5e70e084fc59537786b78245","5e71f3f2fc59537786b7824a"],"added_comment":[],"course_id":"5e71cf69daa94a19d4adc7dd","user_id":"5e71f3f2fc59537786b7824a","title":"tittii","content":"contnten","post_date":"16:56 7 Apr 2020","image":"","upload_file":"","file_type":null,"createdAt":{"$date":{"$numberLong":"1584790016661"}},"updatedAt":{"$date":{"$numberLong":"1584790100034"}},"__v":{"$numberInt":"0"}}
