{"_id":{"$oid":"5e70aa28f5187f74567a5a9a"},"title":"what is power?","description":"I don't understand this problem","course_id":"5e71cf69daa94a19d4adc7dd","course_name":"Competitive Programming","lecture_id":"5e71d1a3daa94a19d4adc7df","lectureitem_id":"5e71d811daa94a19d4adc7e8","lectureitem_name":"Power","lectureitem_type":"code","user_id":"5e70a2febbb61e725cdc7a23","user_name":"Jin XiangYing","admin_id":"5e71c468daa94a19d4adc7db","admin_name":"Supper admin","chat_user_id":"5e70aa28f5187f74567a5a9a_user","chat_admin_id":"5e71c468daa94a19d4adc7db","course_deadline":"1584633600000","last_message":"","doubte_rate":{"$numberInt":"5"},"solve_flg":true,"view_flg":true,"admin_view_flg":true,"join_flg":true,"admin_join_flg":true,"rate_flg":"send","createdAt":{"$date":{"$numberLong":"1584441896175"}},"updatedAt":{"$date":{"$numberLong":"1585056411573"}},"__v":{"$numberInt":"0"}}
{"_id":{"$oid":"5e731127fc59537786b78250"},"title":"Doubt check 1","description":"Egg or chick","course_id":"5e71cf69daa94a19d4adc7dd","course_name":"Competitive Programming","lecture_id":"5e71d1a3daa94a19d4adc7df","lectureitem_id":"5e71d4bfdaa94a19d4adc7e5","lectureitem_name":"Why Competitive Programming?","lectureitem_type":"video","user_id":"5e71f3f2fc59537786b7824a","user_name":"sushanth sandhu","admin_id":"5e71f61ffc59537786b7824c","admin_name":"sushanth s","chat_user_id":"5e731127fc59537786b78250_user","chat_admin_id":"5e71f61ffc59537786b7824c","course_deadline":"1584556200000","last_message":"","doubte_rate":{"$numberInt":"2"},"solve_flg":true,"view_flg":true,"admin_view_flg":true,"join_flg":true,"admin_join_flg":true,"rate_flg":"send","createdAt":{"$date":{"$numberLong":"1584599335871"}},"updatedAt":{"$date":{"$numberLong":"1585056411573"}},"__v":{"$numberInt":"0"}}
{"_id":{"$oid":"5e74669ed3dbe8317c3ce958"},"title":"test","description":"test","course_id":"5e71cf69daa94a19d4adc7dd","course_name":"Competitive Programming","lecture_id":"5e71d1a3daa94a19d4adc7df","lectureitem_id":"5e75de161e91e61840f57992","lectureitem_name":"Notes: Recursion","lectureitem_type":"notes","user_id":"5e723cf8d8c060547cc67c46","user_name":"Pu Chengxian","admin_id":"5e71c468daa94a19d4adc7db","admin_name":"Supper admin","chat_user_id":"5e74669ed3dbe8317c3ce958_user","chat_admin_id":"5e71c468daa94a19d4adc7db","course_deadline":"1584720000000","last_message":"","doubte_rate":{"$numberInt":"5"},"solve_flg":true,"view_flg":true,"admin_view_flg":true,"join_flg":true,"admin_join_flg":true,"rate_flg":"send","createdAt":{"$date":{"$numberLong":"1584686750173"}},"updatedAt":{"$date":{"$numberLong":"1585056411573"}},"__v":{"$numberInt":"0"}}
{"_id":{"$oid":"5e747b81d3b93d3bcc3404ac"},"title":"WHat is solution","description":"WHat is solution","course_id":"5e71cf69daa94a19d4adc7dd","course_name":"Competitive Programming","lecture_id":"5e71d1a3daa94a19d4adc7df","lectureitem_id":"5e7377bdfc59537786b78257","lectureitem_name":"Fibnocci","lectureitem_type":"code","user_id":"5e723cf8d8c060547cc67c46","user_name":"Pu Chengxian","admin_id":"5e70e4cefc59537786b78247","admin_name":"Shen cheng","chat_user_id":"5e747b81d3b93d3bcc3404ac_user","chat_admin_id":"5e70e4cefc59537786b78247","course_deadline":"1584720000000","last_message":"","doubte_rate":{"$numberInt":"0"},"solve_flg":false,"view_flg":true,"admin_view_flg":true,"join_flg":true,"admin_join_flg":true,"rate_flg":"","createdAt":{"$date":{"$numberLong":"1584692097593"}},"updatedAt":{"$date":{"$numberLong":"1585056411573"}},"__v":{"$numberInt":"0"}}
{"_id":{"$oid":"5e75f325a3fb7b4756adf2cb"},"title":"asd","description":"asda","course_id":"5e7092c8bbb61e725cdc7a18","course_name":"Data Structures in C++","lecture_id":"5e709321bbb61e725cdc7a19","lectureitem_id":"5e709869bbb61e725cdc7a1b","lectureitem_name":"Recursion and Arrays","lectureitem_type":"video","user_id":"5e71f3f2fc59537786b7824a","user_name":"sushanth sandhu","admin_id":"5e71f61ffc59537786b7824c","admin_name":"sushanth s","chat_user_id":"5e75f325a3fb7b4756adf2cb_user","chat_admin_id":"5e71f61ffc59537786b7824c","course_deadline":"free","last_message":"","doubte_rate":{"$numberInt":"0"},"solve_flg":false,"view_flg":true,"admin_view_flg":true,"join_flg":false,"admin_join_flg":true,"rate_flg":"","createdAt":{"$date":{"$numberLong":"1584788261186"}},"updatedAt":{"$date":{"$numberLong":"1585056411573"}},"__v":{"$numberInt":"0"}}
{"_id":{"$oid":"5e75f388a3fb7b4756adf2cc"},"title":"doubt-2","description":"pls tell me about this","course_id":"5e71cf69daa94a19d4adc7dd","course_name":"Competitive Programming","lecture_id":"5e71d1a3daa94a19d4adc7df","lectureitem_id":"5e7377bdfc59537786b78257","lectureitem_name":"Fibnocci","lectureitem_type":"code","user_id":"5e70e084fc59537786b78245","user_name":"sudheer sandu","admin_id":"5e71f61ffc59537786b7824c","admin_name":"sushanth s","chat_user_id":"5e75f388a3fb7b4756adf2cc_user","chat_admin_id":"5e71f61ffc59537786b7824c","course_deadline":"1584729000000","last_message":"","doubte_rate":{"$numberInt":"3"},"solve_flg":true,"view_flg":true,"admin_view_flg":true,"join_flg":true,"admin_join_flg":true,"rate_flg":"send","createdAt":{"$date":{"$numberLong":"1584788360233"}},"updatedAt":{"$date":{"$numberLong":"1585056411573"}},"__v":{"$numberInt":"0"}}
{"_id":{"$oid":"5e75f4c4a3fb7b4756adf2cd"},"title":"doubt3","description":"cdscv","course_id":"5e71cf69daa94a19d4adc7dd","course_name":"Competitive Programming","lecture_id":"5e71d1a3daa94a19d4adc7df","lectureitem_id":"5e71d6eddaa94a19d4adc7e7","lectureitem_name":"Remove Duplicates","lectureitem_type":"code","user_id":"5e70e084fc59537786b78245","user_name":"sudheer sandu","admin_id":"5e71f61ffc59537786b7824c","admin_name":"sushanth s","chat_user_id":"5e75f4c4a3fb7b4756adf2cd_user","chat_admin_id":"5e71f61ffc59537786b7824c","course_deadline":"1584729000000","last_message":"","doubte_rate":{"$numberInt":"3"},"solve_flg":true,"view_flg":true,"admin_view_flg":true,"join_flg":true,"admin_join_flg":true,"rate_flg":"send","createdAt":{"$date":{"$numberLong":"1584788676308"}},"updatedAt":{"$date":{"$numberLong":"1585056411573"}},"__v":{"$numberInt":"0"}}
{"_id":{"$oid":"5e75f5f5a3fb7b4756adf2ce"},"title":"kask titl","description":"desc doubt","course_id":"5e71cf69daa94a19d4adc7dd","course_name":"Competitive Programming","lecture_id":"5e71d1a3daa94a19d4adc7df","lectureitem_id":"5e71d811daa94a19d4adc7e8","lectureitem_name":"Power","lectureitem_type":"code","user_id":"5e71f3f2fc59537786b7824a","user_name":"sushanth sandhu","admin_id":"5e71f61ffc59537786b7824c","admin_name":"sushanth s","chat_user_id":"5e75f5f5a3fb7b4756adf2ce_user","chat_admin_id":"5e71f61ffc59537786b7824c","course_deadline":"1584642600000","last_message":"","doubte_rate":{"$numberInt":"4"},"solve_flg":true,"view_flg":true,"admin_view_flg":true,"join_flg":true,"admin_join_flg":true,"rate_flg":"send","createdAt":{"$date":{"$numberLong":"1584788981765"}},"updatedAt":{"$date":{"$numberLong":"1585056411573"}},"__v":{"$numberInt":"0"}}
{"_id":{"$oid":"5e776f50e07fde09a8463b06"},"title":"Table Chart Example","description":"asdasdasdasd","course_id":"5e71cf69daa94a19d4adc7dd","course_name":"Competitive Programming","lecture_id":"5e71d1a3daa94a19d4adc7df","lectureitem_id":"5e71d6eddaa94a19d4adc7e7","lectureitem_name":"Remove Duplicates","lectureitem_type":"code","user_id":"5e74c69eed01711b2c79a832","user_name":"React developer","admin_id":"5e71c468daa94a19d4adc7db","admin_name":"Supper admin","chat_user_id":"5e776f50e07fde09a8463b06_user","chat_admin_id":"5e71c468daa94a19d4adc7db","course_deadline":"1583337600000","last_message":"","doubte_rate":{"$numberInt":"5"},"solve_flg":true,"view_flg":true,"admin_view_flg":true,"join_flg":true,"admin_join_flg":true,"rate_flg":"send","createdAt":{"$date":{"$numberLong":"1584885584412"}},"updatedAt":{"$date":{"$numberLong":"1585056411573"}},"__v":{"$numberInt":"0"}}
{"_id":{"$oid":"5e78bf2e228f3634ed9140c4"},"title":"dd-1","description":"meituan","course_id":"5e71cf69daa94a19d4adc7dd","course_name":"Competitive Programming","lecture_id":"5e71d1a3daa94a19d4adc7df","lectureitem_id":"5e75f147a3fb7b4756adf2ca","lectureitem_name":"Replace Character Recursively","lectureitem_type":"code","user_id":"5e70e084fc59537786b78245","user_name":"sudheer sandu","admin_id":"5e71f61ffc59537786b7824c","admin_name":"sushanth s","chat_user_id":"5e78bf2e228f3634ed9140c4_user","chat_admin_id":"5e71f61ffc59537786b7824c","course_deadline":"1584729000000","last_message":"","doubte_rate":{"$numberInt":"0"},"solve_flg":false,"view_flg":true,"admin_view_flg":true,"join_flg":true,"admin_join_flg":true,"rate_flg":"","createdAt":{"$date":{"$numberLong":"1584971566540"}},"updatedAt":{"$date":{"$numberLong":"1585056411573"}},"__v":{"$numberInt":"0"}}
