{"_id":{"$oid":"5e70c75bfc59537786b78242"},"registered_members":["5e70e084fc59537786b78245","5e71f3f2fc59537786b7824a","5e723cf8d8c060547cc67c46"],"title":"Let Me Code with Sathyabhama University","description":"Let me Code , 3 rounds - 1 day!","start_date":"2020-03-23T16:00:00.000Z","pay_type":"free","venue":"Codezen, Online Sathyabhama University","background_img":"OT00TRR1AD_0000000000003571.jpg","video_url":"25069440","createdAt":{"$date":{"$numberLong":"1584449371931"}},"updatedAt":{"$date":{"$numberLong":"1584953361725"}},"__v":{"$numberInt":"0"}}
{"_id":{"$oid":"5e70c7cefc59537786b78243"},"registered_members":["5e70e084fc59537786b78245","5e74c69eed01711b2c79a832"],"title":"CODESPACE, Hackathon-NCU","description":"With NCU","start_date":"2020-03-24T16:00:00.000Z","pay_type":"free","venue":"NCU University, Gurugram","background_img":"IU8QF3RVUD_0000000000003563.jpg","video_url":"25069440","createdAt":{"$date":{"$numberLong":"1584449486668"}},"updatedAt":{"$date":{"$numberLong":"1585061677256"}},"__v":{"$numberInt":"0"}}
{"_id":{"$oid":"5e7220b2fc59537786b7824d"},"registered_members":[],"title":"ammazin sitcom-1","description":"events at https://www.youtube.com/watch?v=Q5oDnaYrz3s kindly please follow the routes","start_date":"2020-04-03T18:30:00.000Z","pay_type":"free","venue":"sathyabam","background_img":"VLK7QHRABN_Screenshot 2020-03-16 at 9.59.00 PM.png","video_url":"3","createdAt":{"$date":{"$numberLong":"1584537778054"}},"updatedAt":{"$date":{"$numberLong":"1584537832335"}},"__v":{"$numberInt":"0"}}
{"_id":{"$oid":"5e75f856a3fb7b4756adf2cf"},"registered_members":["5e70e084fc59537786b78245"],"title":"tit","description":"des","start_date":"2020-03-29T18:30:00.000Z","pay_type":"free","venue":"asdd","background_img":"CF1W2RKABJ_Dog-Images.jpg","video_url":"9898","createdAt":{"$date":{"$numberLong":"1584789590233"}},"updatedAt":{"$date":{"$numberLong":"1584789633389"}},"__v":{"$numberInt":"0"}}
