{"_id":{"$oid":"5e70a710f5187f74567a5a98"},"user_id":"5e70a2febbb61e725cdc7a23","user_email":"xiang19990108@gmail.com","invoice_number":"INV 1","description":"payment for Competitive Programming","pay_amount":{"$numberInt":"13320"},"balance":{"$numberInt":"13320"},"createdAt":{"$date":{"$numberLong":"1584441104090"}},"updatedAt":{"$date":{"$numberLong":"1584441104090"}},"__v":{"$numberInt":"0"}}
{"_id":{"$oid":"5e70a818f5187f74567a5a99"},"user_id":"5e723cf8d8c060547cc67c46","user_email":"liqingmei@yandex.com","invoice_number":"INV 2","description":"payment for Competitive Programming","pay_amount":{"$numberInt":"13320"},"balance":{"$numberInt":"26640"},"createdAt":{"$date":{"$numberLong":"1584441368832"}},"updatedAt":{"$date":{"$numberLong":"1584441368832"}},"__v":{"$numberInt":"0"}}
{"_id":{"$oid":"5e70e25cfc59537786b78246"},"user_id":"5e70e084fc59537786b78245","user_email":"sudheersandu.gmat@gmail.com","invoice_number":"INV 3","description":"payment for Competitive Programming","pay_amount":{"$numberInt":"11320"},"balance":{"$numberInt":"37960"},"createdAt":{"$date":{"$numberLong":"1584456284140"}},"updatedAt":{"$date":{"$numberLong":"1584456284140"}},"__v":{"$numberInt":"0"}}
{"_id":{"$oid":"5e7304e0fc59537786b7824e"},"user_id":"5e71f3f2fc59537786b7824a","user_email":"devilsheart006@gmail.com","invoice_number":"INV 4","description":"payment for Competitive Programming","pay_amount":{"$numberInt":"11320"},"balance":{"$numberInt":"49280"},"createdAt":{"$date":{"$numberLong":"1584596192160"}},"updatedAt":{"$date":{"$numberLong":"1584596192160"}},"__v":{"$numberInt":"0"}}
{"_id":{"$oid":"5e74ab223b094f41d4cf820c"},"user_id":"5e723cf8d8c060547cc67c46","user_email":"liqingmei@yandex.com","invoice_number":"INV 5","description":"payment for Data Structures in C++","pay_amount":{"$numberInt":"24320"},"balance":{"$numberInt":"73600"},"createdAt":{"$date":{"$numberLong":"1584704290243"}},"updatedAt":{"$date":{"$numberLong":"1584704290243"}},"__v":{"$numberInt":"0"}}
{"_id":{"$oid":"5e74b03b6b8b264fd81abead"},"user_id":"5e723cf8d8c060547cc67c46","user_email":"liqingmei@yandex.com","invoice_number":"INV 6","description":"payment for Data Structures in C++","pay_amount":{"$numberInt":"24320"},"balance":{"$numberInt":"97920"},"createdAt":{"$date":{"$numberLong":"1584705595142"}},"updatedAt":{"$date":{"$numberLong":"1584705595142"}},"__v":{"$numberInt":"0"}}
{"_id":{"$oid":"5e74b10690ee6536cc74b8d4"},"user_id":"5e723cf8d8c060547cc67c46","user_email":"liqingmei@yandex.com","invoice_number":"INV 7","description":"payment for Data Structures in C++","pay_amount":{"$numberInt":"24320"},"balance":{"$numberInt":"122240"},"createdAt":{"$date":{"$numberLong":"1584705798600"}},"updatedAt":{"$date":{"$numberLong":"1584705798600"}},"__v":{"$numberInt":"0"}}
{"_id":{"$oid":"5e74b89090ee6536cc74b8d5"},"user_id":"5e723cf8d8c060547cc67c46","user_email":"liqingmei@yandex.com","invoice_number":"INV 7","description":"payment for Data Structures in C++","pay_amount":{"$numberInt":"24320"},"balance":{"$numberInt":"122240"},"createdAt":{"$date":{"$numberLong":"1584707728682"}},"updatedAt":{"$date":{"$numberLong":"1584707728682"}},"__v":{"$numberInt":"0"}}
{"_id":{"$oid":"5e74b8e490ee6536cc74b8d6"},"user_id":"5e723cf8d8c060547cc67c46","user_email":"liqingmei@yandex.com","invoice_number":"INV 7","description":"payment for Data Structures in C++","pay_amount":{"$numberInt":"24320"},"balance":{"$numberInt":"122240"},"createdAt":{"$date":{"$numberLong":"1584707812087"}},"updatedAt":{"$date":{"$numberLong":"1584707812087"}},"__v":{"$numberInt":"0"}}
{"_id":{"$oid":"5e74bcc99a80bf1fa05e64c1"},"user_id":"5e723cf8d8c060547cc67c46","user_email":"liqingmei@yandex.com","invoice_number":"INV 7","description":"payment for Data Structures in C++","pay_amount":{"$numberInt":"24320"},"balance":{"$numberInt":"122240"},"createdAt":{"$date":{"$numberLong":"1584708809751"}},"updatedAt":{"$date":{"$numberLong":"1584708809751"}},"__v":{"$numberInt":"0"}}
{"_id":{"$oid":"5e74bd0852e2356c9837eab2"},"user_id":"5e723cf8d8c060547cc67c46","user_email":"liqingmei@yandex.com","invoice_number":"INV 7","description":"payment for Data Structures in C++","pay_amount":{"$numberInt":"24320"},"balance":{"$numberInt":"122240"},"createdAt":{"$date":{"$numberLong":"1584708872758"}},"updatedAt":{"$date":{"$numberLong":"1584708872758"}},"__v":{"$numberInt":"0"}}
{"_id":{"$oid":"5e74c094e421b6452cae7481"},"user_id":"5e723cf8d8c060547cc67c46","user_email":"liqingmei@yandex.com","invoice_number":"INV 12","description":"payment for Data Structures in C++","pay_amount":{"$numberInt":"24320"},"balance":{"$numberInt":"243840"},"createdAt":{"$date":{"$numberLong":"1584709780606"}},"updatedAt":{"$date":{"$numberLong":"1584709780606"}},"__v":{"$numberInt":"0"}}
{"_id":{"$oid":"5e74c6dfed01711b2c79a833"},"user_id":"5e74c69eed01711b2c79a832","user_email":"reactdev1999@gmail.com","invoice_number":"INV 13","description":"payment for Competitive Programming","pay_amount":{"$numberInt":"11320"},"balance":{"$numberInt":"255160"},"createdAt":{"$date":{"$numberLong":"1584711391271"}},"updatedAt":{"$date":{"$numberLong":"1584711391271"}},"__v":{"$numberInt":"0"}}
{"_id":{"$oid":"5e74c8a34552361baf9ec6e5"},"user_id":"5e74c69eed01711b2c79a832","user_email":"reactdev1999@gmail.com","invoice_number":"INV 14","description":"payment for Competitive Programming","pay_amount":{"$numberInt":"11320"},"balance":{"$numberInt":"266480"},"createdAt":{"$date":{"$numberLong":"1584711843109"}},"updatedAt":{"$date":{"$numberLong":"1584711843109"}},"__v":{"$numberInt":"0"}}
{"_id":{"$oid":"5e74ca72ca0cc85254d86b99"},"user_id":"5e74c69eed01711b2c79a832","user_email":"reactdev1999@gmail.com","invoice_number":"INV 15","description":"payment for Data Structures in C++","pay_amount":{"$numberInt":"24320"},"balance":{"$numberInt":"290800"},"createdAt":{"$date":{"$numberLong":"1584712306308"}},"updatedAt":{"$date":{"$numberLong":"1584712306308"}},"__v":{"$numberInt":"0"}}
{"_id":{"$oid":"5e74cbfd5006d31c858eb9d2"},"user_id":"5e74c69eed01711b2c79a832","user_email":"reactdev1999@gmail.com","invoice_number":"INV 16","description":"payment for Competitive Programming","pay_amount":{"$numberInt":"11320"},"balance":{"$numberInt":"302120"},"createdAt":{"$date":{"$numberLong":"1584712701717"}},"updatedAt":{"$date":{"$numberLong":"1584712701717"}},"__v":{"$numberInt":"0"}}
{"_id":{"$oid":"5e74ccb21bf2ed1ca87bee4f"},"user_id":"5e74c69eed01711b2c79a832","user_email":"reactdev1999@gmail.com","invoice_number":"INV 17","description":"payment for Competitive Programming","pay_amount":{"$numberInt":"11320"},"balance":{"$numberInt":"313440"},"createdAt":{"$date":{"$numberLong":"1584712882968"}},"updatedAt":{"$date":{"$numberLong":"1584712882968"}},"__v":{"$numberInt":"0"}}
{"_id":{"$oid":"5e74cd2279c02005fcfd61d9"},"user_id":"5e74c69eed01711b2c79a832","user_email":"reactdev1999@gmail.com","invoice_number":"INV 15","description":"payment for Data Structures in C++","pay_amount":{"$numberInt":"24320"},"balance":{"$numberInt":"290800"},"createdAt":{"$date":{"$numberLong":"1584712994800"}},"updatedAt":{"$date":{"$numberLong":"1584712994800"}},"__v":{"$numberInt":"0"}}
{"_id":{"$oid":"5e74cd88641d581ccd7b9e62"},"user_id":"5e74c69eed01711b2c79a832","user_email":"reactdev1999@gmail.com","invoice_number":"INV 19","description":"payment for Competitive Programming","pay_amount":{"$numberInt":"11320"},"balance":{"$numberInt":"349080"},"createdAt":{"$date":{"$numberLong":"1584713096387"}},"updatedAt":{"$date":{"$numberLong":"1584713096387"}},"__v":{"$numberInt":"0"}}
{"_id":{"$oid":"5e74cf4979c02005fcfd61da"},"user_id":"5e74c69eed01711b2c79a832","user_email":"reactdev1999@gmail.com","invoice_number":"INV 15","description":"payment for Data Structures in C++","pay_amount":{"$numberInt":"24320"},"balance":{"$numberInt":"290800"},"createdAt":{"$date":{"$numberLong":"1584713545518"}},"updatedAt":{"$date":{"$numberLong":"1584713545518"}},"__v":{"$numberInt":"0"}}
{"_id":{"$oid":"5e74cfe441d9c31d6fdafdc4"},"user_id":"5e74c69eed01711b2c79a832","user_email":"reactdev1999@gmail.com","invoice_number":"INV 21","description":"payment for Competitive Programming","pay_amount":{"$numberInt":"11320"},"balance":{"$numberInt":"384720"},"createdAt":{"$date":{"$numberLong":"1584713700134"}},"updatedAt":{"$date":{"$numberLong":"1584713700134"}},"__v":{"$numberInt":"0"}}
{"_id":{"$oid":"5e74d03564c8691d861c2ebd"},"user_id":"5e74c69eed01711b2c79a832","user_email":"reactdev1999@gmail.com","invoice_number":"INV 22","description":"payment for Competitive Programming","pay_amount":{"$numberInt":"11320"},"balance":{"$numberInt":"396040"},"createdAt":{"$date":{"$numberLong":"1584713781823"}},"updatedAt":{"$date":{"$numberLong":"1584713781823"}},"__v":{"$numberInt":"0"}}
{"_id":{"$oid":"5e74ea146789cc241f7aa902"},"user_id":"5e74c69eed01711b2c79a832","user_email":"reactdev1999@gmail.com","invoice_number":"INV 23","description":"payment for Competitive Programming","pay_amount":{"$numberInt":"11320"},"balance":{"$numberInt":"407360"},"createdAt":{"$date":{"$numberLong":"1584720404618"}},"updatedAt":{"$date":{"$numberLong":"1584720404618"}},"__v":{"$numberInt":"0"}}
{"_id":{"$oid":"5e74ef6982905325f983e1e1"},"user_id":"5e723cf8d8c060547cc67c46","user_email":"liqingmei@yandex.com","invoice_number":"INV 23","description":"payment for Competitive Programming","pay_amount":{"$numberInt":"11320"},"balance":{"$numberInt":"407360"},"createdAt":{"$date":{"$numberLong":"1584721769853"}},"updatedAt":{"$date":{"$numberLong":"1584721769853"}},"__v":{"$numberInt":"0"}}
{"_id":{"$oid":"5e74f1534bc0fe5abce3934c"},"user_id":"5e74c69eed01711b2c79a832","user_email":"reactdev1999@gmail.com","invoice_number":"INV 25","description":"payment for Data Structures in C++","pay_amount":{"$numberInt":"24320"},"balance":{"$numberInt":"443000"},"createdAt":{"$date":{"$numberLong":"1584722259943"}},"updatedAt":{"$date":{"$numberLong":"1584722259943"}},"__v":{"$numberInt":"0"}}
{"_id":{"$oid":"5e74f47a9c682d26ebfd03cd"},"user_id":"5e723cf8d8c060547cc67c46","user_email":"liqingmei@yandex.com","invoice_number":"INV 26","description":"payment for Competitive Programming","pay_amount":{"$numberInt":"11320"},"balance":{"$numberInt":"454320"},"createdAt":{"$date":{"$numberLong":"1584723066523"}},"updatedAt":{"$date":{"$numberLong":"1584723066523"}},"__v":{"$numberInt":"0"}}
{"_id":{"$oid":"5e78cf94228f3634ed9140c6"},"user_id":"5e70e084fc59537786b78245","user_email":"sudheersandu.gmat@gmail.com","invoice_number":"INV 27","description":"payment for Data Structures in C++","pay_amount":{"$numberInt":"24320"},"balance":{"$numberInt":"478640"},"createdAt":{"$date":{"$numberLong":"1584975764782"}},"updatedAt":{"$date":{"$numberLong":"1584975764782"}},"__v":{"$numberInt":"0"}}
{"_id":{"$oid":"5e78fca1b899b140dbe4bc5f"},"user_id":"5e74c69eed01711b2c79a832","user_email":"reactdev1999@gmail.com","invoice_number":"INV 28","description":"payment for Competitive Programming","pay_amount":{"$numberInt":"13320"},"balance":{"$numberInt":"491960"},"createdAt":{"$date":{"$numberLong":"1584987297198"}},"updatedAt":{"$date":{"$numberLong":"1584987297198"}},"__v":{"$numberInt":"0"}}
{"_id":{"$oid":"5e790726956cb27e602c1faa"},"user_id":"5e74c69eed01711b2c79a832","user_email":"reactdev1999@gmail.com","invoice_number":"INV 29","description":"payment for Data Structures in C++","pay_amount":{"$numberInt":"16320"},"balance":{"$numberInt":"508280"},"createdAt":{"$date":{"$numberLong":"1584989990449"}},"updatedAt":{"$date":{"$numberLong":"1584989990449"}},"__v":{"$numberInt":"0"}}
{"_id":{"$oid":"5e7a043a719744689ef4b4bc"},"user_id":"5e70e084fc59537786b78245","user_email":"sudheersandu.gmat@gmail.com","invoice_number":"INV 30","description":"payment for couse -3","pay_amount":{"$numberInt":"1321"},"balance":{"$numberInt":"509601"},"createdAt":{"$date":{"$numberLong":"1585054778222"}},"updatedAt":{"$date":{"$numberLong":"1585054778222"}},"__v":{"$numberInt":"0"}}
{"_id":{"$oid":"5e7a1011719744689ef4b4be"},"user_id":"5e70e084fc59537786b78245","user_email":"sudheersandu.gmat@gmail.com","invoice_number":"INV 31","description":"payment for Competitive Programming","pay_amount":{"$numberInt":"11320"},"balance":{"$numberInt":"520921"},"createdAt":{"$date":{"$numberLong":"1585057809380"}},"updatedAt":{"$date":{"$numberLong":"1585057809380"}},"__v":{"$numberInt":"0"}}
{"_id":{"$oid":"5e7a13d6719744689ef4b4bf"},"user_id":"5e74c69eed01711b2c79a832","user_email":"reactdev1999@gmail.com","invoice_number":"INV 32","description":"payment for couse -3","pay_amount":{"$numberInt":"1321"},"balance":{"$numberInt":"522242"},"createdAt":{"$date":{"$numberLong":"1585058774853"}},"updatedAt":{"$date":{"$numberLong":"1585058774853"}},"__v":{"$numberInt":"0"}}
{"_id":{"$oid":"5e7a179d719744689ef4b4c1"},"user_id":"5e70e084fc59537786b78245","user_email":"sudheersandu.gmat@gmail.com","invoice_number":"INV 33","description":"payment for Data Structures in C++","pay_amount":{"$numberInt":"14320"},"balance":{"$numberInt":"536562"},"createdAt":{"$date":{"$numberLong":"1585059741554"}},"updatedAt":{"$date":{"$numberLong":"1585059741554"}},"__v":{"$numberInt":"0"}}
