{"_id":{"$oid":"5e70ab6ff5187f74567a5a9b"},"email":"liqingmei@yandex.com","phone":"+86 18-640211091","username":"Pu Chengxian","user_id":"5e70ab6ff5187f74567a5a9b_user","admin_id":"5e71cba7daa94a19d4adc7dc","room_id":"5e70ab6ff5187f74567a5a9b_support","view_flg":true,"admin_view_flg":true,"join_flg":true,"admin_join_flg":true,"createdAt":{"$date":{"$numberLong":"1584442223955"}},"updatedAt":{"$date":{"$numberLong":"1585056406825"}},"__v":{"$numberInt":"0"}}
{"_id":{"$oid":"5e70b726f5187f74567a5a9c"},"email":"liqingmei@yandex.com","phone":"+86 18-640211091","username":"Pu Chengxian","user_id":"5e70b726f5187f74567a5a9c_user","admin_id":"admin","room_id":"5e70b726f5187f74567a5a9c_support","view_flg":true,"admin_view_flg":true,"join_flg":false,"admin_join_flg":false,"createdAt":{"$date":{"$numberLong":"1584445222368"}},"updatedAt":{"$date":{"$numberLong":"1585056406825"}},"__v":{"$numberInt":"0"}}
{"_id":{"$oid":"5e70b93df5187f74567a5a9d"},"email":"liqingmei@yandex.com","phone":"+86 18-640211091","username":"Pu Chengxian","user_id":"5e70b93df5187f74567a5a9d_user","admin_id":"admin","room_id":"5e70b93df5187f74567a5a9d_support","view_flg":true,"admin_view_flg":true,"join_flg":false,"admin_join_flg":false,"createdAt":{"$date":{"$numberLong":"1584445757599"}},"updatedAt":{"$date":{"$numberLong":"1585056406825"}},"__v":{"$numberInt":"0"}}
{"_id":{"$oid":"5e70c0c1f5187f74567a5a9e"},"email":"liqingmei@yandex.com","phone":"+86 18-640211091","username":"Pu Chengxian","user_id":"5e70c0c1f5187f74567a5a9e_user","admin_id":"admin","room_id":"5e70c0c1f5187f74567a5a9e_support","view_flg":true,"admin_view_flg":true,"join_flg":false,"admin_join_flg":false,"createdAt":{"$date":{"$numberLong":"1584447681757"}},"updatedAt":{"$date":{"$numberLong":"1585056406825"}},"__v":{"$numberInt":"0"}}
{"_id":{"$oid":"5e78d9ec228f3634ed9140c7"},"email":"sudheersandu.gmat@gmail.com","phone":"7736011130","username":"sudheer sandu","user_id":"5e78d9ec228f3634ed9140c7_user","admin_id":"5e71f61ffc59537786b7824c","room_id":"5e78d9ec228f3634ed9140c7_support","view_flg":true,"admin_view_flg":true,"join_flg":true,"admin_join_flg":true,"createdAt":{"$date":{"$numberLong":"1584978412889"}},"updatedAt":{"$date":{"$numberLong":"1585056406825"}},"__v":{"$numberInt":"0"}}
