{"_id":{"$oid":"5e723cf8d8c060547cc67c46"},"course_list":[{"id":"5e71cf69daa94a19d4adc7dd","pay_status":"pay","batch_status":"1","batch_file":"batch_3_1","start_date":"1583020800000","remain_days_list":[{"$numberInt":"0"}],"remain_date_list":[],"pause":false,"step_status":{"id":"5e71d1a3daa94a19d4adc7df","name":" Introduction To Competitive Programming"}},{"id":"5e7092c8bbb61e725cdc7a18","pay_status":"pay","batch_status":"1","batch_file":"batch_4_1","start_date":"1585670400000","remain_days_list":[{"$numberInt":"0"}],"remain_date_list":[],"pause":false,"step_status":""}],"lecture_list":[{"id":"5e71d1a3daa94a19d4adc7df","score":{"$numberInt":"0"},"step_status":{"id":"5e71d811daa94a19d4adc7e8","name":"Power"}},{"id":"5e71d288daa94a19d4adc7e0","score":{"$numberInt":"0"},"step_status":""},{"id":"5e71d2c9daa94a19d4adc7e1","score":{"$numberInt":"0"},"step_status":""},{"id":"5e71d2fcdaa94a19d4adc7e2","score":{"$numberInt":"0"},"step_status":""},{"id":"5e71d336daa94a19d4adc7e3","score":{"$numberInt":"0"},"step_status":{"id":"5e78715a159a462b39c7c301","name":"sdceeccdcs"}},{"id":"5e71d36edaa94a19d4adc7e4","score":{"$numberInt":"0"},"step_status":""},{"id":"5e709321bbb61e725cdc7a19","score":{"$numberInt":"0"},"step_status":""},{"id":"5e70935fbbb61e725cdc7a1a","score":{"$numberInt":"0"},"step_status":""}],"lecture_content_list":[{"id":"5e71d4bfdaa94a19d4adc7e5","solution_view":false,"submit_status":"","lecture_id":"5e71d1a3daa94a19d4adc7df","score":{"$numberInt":"0"},"submit_list":[],"cpp_code":"","java_code":"","python_code":""},{"id":"5e71d54edaa94a19d4adc7e6","solution_view":false,"submit_status":"","lecture_id":"5e71d1a3daa94a19d4adc7df","score":{"$numberInt":"0"},"submit_list":[],"cpp_code":"","java_code":"","python_code":""},{"id":"5e71d6eddaa94a19d4adc7e7","solution_view":false,"submit_status":"","lecture_id":"5e71d1a3daa94a19d4adc7df","score":{"$numberInt":"0"},"submit_list":[],"cpp_code":"","java_code":"","python_code":""},{"id":"5e71d811daa94a19d4adc7e8","solution_view":false,"submit_status":"","lecture_id":"5e71d1a3daa94a19d4adc7df","score":{"$numberInt":"0"},"submit_list":[],"cpp_code":"","java_code":"","python_code":""},{"id":"5e71d8fcdaa94a19d4adc7e9","solution_view":false,"submit_status":"","lecture_id":"5e71d1a3daa94a19d4adc7df","score":{"$numberInt":"0"},"submit_list":[],"cpp_code":"","java_code":"","python_code":""},{"id":"5e71d936daa94a19d4adc7ea","solution_view":false,"submit_status":"","lecture_id":"5e71d1a3daa94a19d4adc7df","score":{"$numberInt":"0"},"submit_list":[],"cpp_code":"","java_code":"","python_code":""},{"id":"5e71d9d2daa94a19d4adc7eb","solution_view":false,"submit_status":"","lecture_id":"5e71d1a3daa94a19d4adc7df","score":{"$numberInt":"0"},"submit_list":[],"cpp_code":"","java_code":"","python_code":""},{"id":"5e71da62daa94a19d4adc7ec","solution_view":false,"submit_status":"","lecture_id":"5e71d1a3daa94a19d4adc7df","score":{"$numberInt":"0"},"submit_list":[],"cpp_code":"","java_code":"","python_code":""},{"id":"5e71dab5daa94a19d4adc7ed","solution_view":false,"submit_status":"","lecture_id":"5e71d1a3daa94a19d4adc7df","score":{"$numberInt":"0"},"submit_list":[],"cpp_code":"","java_code":"","python_code":""},{"id":"5e709869bbb61e725cdc7a1b","solution_view":false,"submit_status":"","lecture_id":"5e709321bbb61e725cdc7a19","score":{"$numberInt":"0"},"submit_list":[],"cpp_code":"","java_code":"","python_code":""},{"id":"5e7098a3bbb61e725cdc7a1c","solution_view":false,"submit_status":"","lecture_id":"5e709321bbb61e725cdc7a19","score":{"$numberInt":"0"},"submit_list":[],"cpp_code":"","java_code":"","python_code":""},{"id":"5e709979bbb61e725cdc7a1d","solution_view":false,"submit_status":"","lecture_id":"5e709321bbb61e725cdc7a19","score":{"$numberInt":"0"},"submit_list":[],"cpp_code":"","java_code":"","python_code":""},{"id":"5e709a19bbb61e725cdc7a1e","solution_view":false,"submit_status":"","lecture_id":"5e709321bbb61e725cdc7a19","score":{"$numberInt":"0"},"submit_list":[],"cpp_code":"","java_code":"","python_code":""},{"id":"5e709a9ebbb61e725cdc7a1f","solution_view":false,"submit_status":"","lecture_id":"5e709321bbb61e725cdc7a19","score":{"$numberInt":"0"},"submit_list":[],"cpp_code":"","java_code":"","python_code":""},{"id":"5e709aeabbb61e725cdc7a20","solution_view":false,"submit_status":"","lecture_id":"5e709321bbb61e725cdc7a19","score":{"$numberInt":"0"},"submit_list":[],"cpp_code":"","java_code":"","python_code":""},{"id":"5e709b0fbbb61e725cdc7a21","solution_view":false,"submit_status":"","lecture_id":"5e709321bbb61e725cdc7a19","score":{"$numberInt":"0"},"submit_list":[],"cpp_code":"","java_code":"","python_code":""},{"id":"5e709b28bbb61e725cdc7a22","solution_view":false,"submit_status":"","lecture_id":"5e709321bbb61e725cdc7a19","score":{"$numberInt":"0"},"submit_list":[],"cpp_code":"","java_code":"","python_code":""},{"id":"5e7377bdfc59537786b78257","solution_view":false,"submit_status":"true","lecture_id":"5e71d1a3daa94a19d4adc7df","score":{"$numberInt":"0"},"submit_list":[{"code":"python","status":[true,true,true,true,true,true],"time":{"$numberInt":"131"},"runtimeflg":[false,false,false,false,false,false],"runtimemsg":["","","","","",""],"mainfile":"import sys\nfrom Solution import Fibonacci\nn=int(sys.stdin.readline())\nprint(Fibonacci(n))","solutionfile":"def Fibonacci(n): \n    if n<0: \n        print(\"Incorrect input\") \n    # First Fibonacci number is 0 \n    elif n==0: \n        return 0\n    # Second Fibonacci number is 1 \n    elif n==1: \n        return 1\n    else: \n        return Fibonacci(n-1)+Fibonacci(n-2) ","score":{"$numberInt":"0"}}],"cpp_code":{"your":"","main":""},"java_code":{"your":"","main":""},"python_code":{"your":"def Fibonacci(n): \n    if n<0: \n        print(\"Incorrect input\") \n    # First Fibonacci number is 0 \n    elif n==0: \n        return 0\n    # Second Fibonacci number is 1 \n    elif n==1: \n        return 1\n    else: \n        return Fibonacci(n-1)+Fibonacci(n-2) ","main":"import sys\nfrom Solution import Fibonacci\nn=int(sys.stdin.readline())\nprint(Fibonacci(n))"}},{"id":"5e7382c4fc59537786b7825a","solution_view":false,"submit_status":"","lecture_id":"5e71d1a3daa94a19d4adc7df","score":{"$numberInt":"0"},"submit_list":[],"cpp_code":"","java_code":"","python_code":""},{"id":"5e78715a159a462b39c7c301","lecture_id":"5e71d336daa94a19d4adc7e3","score":{"$numberInt":"0"},"submit_status":"true","submit_list":["3"]}],"bookmark_list":[{"course_id":"5e71cf69daa94a19d4adc7dd","lecture_id":"5e71d1a3daa94a19d4adc7df","item_id":"5e7377bdfc59537786b78257","deadline":"1584720000000","save_date":"20 Mar 2020"}],"doubts_list":[],"event_list":[{"id":"5e70c75bfc59537786b78242","title":"Let Me Code with Sathyabhama University","des":"Let me Code , 3 rounds - 1 day!","start_date":"2020-03-22T16:00:00.000Z","video_url":"25069440"}],"username":"Pu Chengxian","email":"liqingmei@yandex.com","phone_number":"+86 18-640211091","image":"default.png","user_level":"normal","login_flg":true,"createdAt":{"$date":{"$numberLong":"1584545016810"}},"updatedAt":{"$date":{"$numberLong":"1585208325758"}},"__v":{"$numberInt":"0"}}
{"_id":{"$oid":"5e70a2febbb61e725cdc7a23"},"course_list":[{"id":"5e71cf69daa94a19d4adc7dd","pay_status":"pay","batch_status":"2","batch_file":"batch_3_2","start_date":"1584230400000","remain_days_list":[{"$numberInt":"0"}],"remain_date_list":[],"pause":false,"step_status":{"id":"5e71d1a3daa94a19d4adc7df","name":" Introduction To Competitive Programming"}}],"lecture_list":[{"id":"5e71d1a3daa94a19d4adc7df","score":{"$numberInt":"0"},"step_status":{"id":"5e71dab5daa94a19d4adc7ed","name":"Fill the output"}},{"id":"5e71d288daa94a19d4adc7e0","score":{"$numberInt":"0"},"step_status":""},{"id":"5e71d2c9daa94a19d4adc7e1","score":{"$numberInt":"0"},"step_status":""},{"id":"5e71d2fcdaa94a19d4adc7e2","score":{"$numberInt":"0"},"step_status":""},{"id":"5e71d336daa94a19d4adc7e3","score":{"$numberInt":"0"},"step_status":""},{"id":"5e71d36edaa94a19d4adc7e4","score":{"$numberInt":"0"},"step_status":""}],"lecture_content_list":[{"id":"5e71d4bfdaa94a19d4adc7e5","solution_view":false,"submit_status":"","lecture_id":"5e71d1a3daa94a19d4adc7df","score":{"$numberInt":"0"},"submit_list":[],"cpp_code":"","java_code":"","python_code":""},{"id":"5e71d54edaa94a19d4adc7e6","solution_view":false,"submit_status":"","lecture_id":"5e71d1a3daa94a19d4adc7df","score":{"$numberInt":"0"},"submit_list":[],"cpp_code":"","java_code":"","python_code":""},{"id":"5e71d6eddaa94a19d4adc7e7","solution_view":false,"submit_status":"","lecture_id":"5e71d1a3daa94a19d4adc7df","score":{"$numberInt":"0"},"submit_list":[],"cpp_code":"","java_code":"","python_code":""},{"id":"5e71d811daa94a19d4adc7e8","solution_view":false,"submit_status":"","lecture_id":"5e71d1a3daa94a19d4adc7df","score":{"$numberInt":"0"},"submit_list":[],"cpp_code":"","java_code":"","python_code":""},{"id":"5e71d8fcdaa94a19d4adc7e9","solution_view":false,"submit_status":"","lecture_id":"5e71d1a3daa94a19d4adc7df","score":{"$numberInt":"0"},"submit_list":[],"cpp_code":"","java_code":"","python_code":""},{"id":"5e71d936daa94a19d4adc7ea","solution_view":false,"submit_status":"","lecture_id":"5e71d1a3daa94a19d4adc7df","score":{"$numberInt":"0"},"submit_list":[],"cpp_code":"","java_code":"","python_code":""},{"id":"5e71d9d2daa94a19d4adc7eb","solution_view":false,"submit_status":"","lecture_id":"5e71d1a3daa94a19d4adc7df","score":{"$numberInt":"0"},"submit_list":[],"cpp_code":"","java_code":"","python_code":""},{"id":"5e71da62daa94a19d4adc7ec","solution_view":false,"submit_status":"","lecture_id":"5e71d1a3daa94a19d4adc7df","score":{"$numberInt":"0"},"submit_list":[],"cpp_code":"","java_code":"","python_code":""},{"id":"5e71dab5daa94a19d4adc7ed","solution_view":false,"submit_status":"","lecture_id":"5e71d1a3daa94a19d4adc7df","score":{"$numberInt":"0"},"submit_list":[],"cpp_code":"","java_code":"","python_code":""}],"bookmark_list":[],"doubts_list":[],"event_list":[],"username":"Jin XiangYing","email":"xiang19990108@gmail.com","phone_number":"","image":"https://lh3.googleusercontent.com/a-/AOh14GgKQmK6o8nOe1k5KuS5-v3spd6hrivoZvRKYAJi=s96-c","user_level":"normal","google_id":"112186859094604534172","createdAt":{"$date":{"$numberLong":"1584440062027"}},"updatedAt":{"$date":{"$numberLong":"1584450119216"}},"__v":{"$numberInt":"0"}}
{"_id":{"$oid":"5e70e084fc59537786b78245"},"course_list":[{"id":"5e71cf69daa94a19d4adc7dd","pay_status":"pay","batch_status":"2","batch_file":"batch_3_2","start_date":"1584230400000","remain_days_list":[{"$numberInt":"0"}],"remain_date_list":[],"pause":false,"step_status":{"id":"5e71d1a3daa94a19d4adc7df","name":" Introduction To Competitive Programming"}},{"id":"5e7092c8bbb61e725cdc7a18","pay_status":"pay","batch_status":"1","batch_file":"batch_4_1","start_date":"1585679400000","remain_days_list":[{"$numberInt":"0"}],"remain_date_list":[],"pause":false,"step_status":""}],"lecture_list":[{"id":"5e71d1a3daa94a19d4adc7df","score":{"$numberDouble":"60.00000000000001"},"step_status":{"id":"5e75f147a3fb7b4756adf2ca","name":"Replace Character Recursively"}},{"id":"5e71d288daa94a19d4adc7e0","score":{"$numberInt":"0"},"step_status":""},{"id":"5e71d2c9daa94a19d4adc7e1","score":{"$numberInt":"0"},"step_status":""},{"id":"5e71d2fcdaa94a19d4adc7e2","score":{"$numberInt":"0"},"step_status":""},{"id":"5e71d336daa94a19d4adc7e3","score":{"$numberDouble":"7.5"},"step_status":{"id":"5e78715a159a462b39c7c301","name":"sdceeccdcs"}},{"id":"5e71d36edaa94a19d4adc7e4","score":{"$numberInt":"0"},"step_status":""},{"id":"5e709321bbb61e725cdc7a19","score":{"$numberInt":"0"},"step_status":""},{"id":"5e70935fbbb61e725cdc7a1a","score":{"$numberInt":"0"},"step_status":""}],"lecture_content_list":[{"id":"5e75f147a3fb7b4756adf2ca","lecture_id":"5e71d1a3daa94a19d4adc7df","score":{"$numberDouble":"37.50000000000001"},"submit_status":"true","python_code":{"your":"def replaceCharacter(string, c1, c2):\r\n    if len(string)==0:\r\n        return string\r\n    string2 = replaceCharacter(string[1:],c1,c2)\r\n    if string[0]==c1:\r\n        return c2 + string2\r\n    else:\r\n        return string[0] + string2","main":"from sys import setrecursionlimit\r\nfrom Solution import replaceCharacter\r\nsetrecursionlimit(11000)\r\nstring = input().strip()\r\nc1, c2 = (i for i in input().strip().split(' '))\r\nprint(replaceCharacter(string, c1, c2))"},"cpp_code":{"your":"void replaceCharacter(char input[], char c1, char c2){\r\n    if(input[0] == '\\0') {\r\n        return;\r\n    }\r\n    if(input[0] == c1) {\r\n        input[0] = c2;\r\n    }\r\n    replaceCharacter(input + 1, c1, c2);\r\n}","main":"#include <iostream>\r\nusing namespace std;\r\n#include \"Solution.h\"\r\n\r\nint main() {\r\n    char input[1000000];\r\n    char c1, c2;\r\n    cin >> input;\r\n    cin >> c1 >> c2;\r\n    replaceCharacter(input, c1, c2);\r\n    cout << input << endl;\r\n}"},"java_code":{"your":"public class Solution {\r\n\r\n    public String replaceCharacter(String input, char c1, char c2) {\r\n       if(input.length() == 0) {\r\n           return \"\";\r\n       }\r\n       \r\n       char c;\r\n       if(input.charAt(0) == c1) {\r\n            c = c2;\r\n        }\r\n        else {\r\n            c = input.charAt(0);\r\n        }\r\n        \r\n        String ans = replaceCharacter(input.substring(1), c1, c2);\r\n        return (c + ans);\r\n    }\r\n}\r\n","main":"import java.util.Scanner;\r\n\r\npublic class main {\r\n\t\r\n\tpublic static void main(String[] args) \r\n\t{\r\n\t\tScanner s = new Scanner(System.in);\r\n\t\tString input = s.next();\r\n\t\tchar c1 = s.next().charAt(0);\r\n\t\tchar c2 = s.next().charAt(0);\r\n\t\tSolution a= new Solution();\r\n\t\tSystem.out.println(a.replaceCharacter(input, c1, c2));\r\n\t}\r\n}"},"submit_list":[{"code":"java","status":[true,true,true,true,true,false],"time":{"$numberInt":"28"},"runtimeflg":[false,false,false,false,false,false],"runtimemsg":["","","","","",""],"mainfile":"import java.util.Scanner;\r\n\r\npublic class main {\r\n\t\r\n\tpublic static void main(String[] args) \r\n\t{\r\n\t\tScanner s = new Scanner(System.in);\r\n\t\tString input = s.next();\r\n\t\tchar c1 = s.next().charAt(0);\r\n\t\tchar c2 = s.next().charAt(0);\r\n\t\tSolution a= new Solution();\r\n\t\tSystem.out.println(a.replaceCharacter(input, c1, c2));\r\n\t}\r\n}","solutionfile":"public class Solution {\r\n\r\n    public String replaceCharacter(String input, char c1, char c2) {\r\n       if(input.length() == 0) {\r\n           return \"\";\r\n       }\r\n       \r\n       char c;\r\n       if(input.charAt(0) == c1) {\r\n            c = c2;\r\n        }\r\n        else {\r\n            c = input.charAt(0);\r\n        }\r\n        \r\n        String ans = replaceCharacter(input.substring(1), c1, c2);\r\n        return (c + ans);\r\n    }\r\n}\r\n","score":{"$numberDouble":"31.250000000000004"}},{"code":"c_cpp","status":[true,true,true,true,true,false],"time":{"$numberInt":"243"},"runtimeflg":[false,false,false,false,false,false],"runtimemsg":["","","","","",""],"mainfile":"#include <iostream>\r\nusing namespace std;\r\n#include \"Solution.h\"\r\n\r\nint main() {\r\n    char input[1000000];\r\n    char c1, c2;\r\n    cin >> input;\r\n    cin >> c1 >> c2;\r\n    replaceCharacter(input, c1, c2);\r\n    cout << input << endl;\r\n}","solutionfile":"void replaceCharacter(char input[], char c1, char c2){\r\n    if(input[0] == '\\0') {\r\n        return;\r\n    }\r\n    if(input[0] == c1) {\r\n        input[0] = c2;\r\n    }\r\n    replaceCharacter(input + 1, c1, c2);\r\n}","score":{"$numberDouble":"31.250000000000004"}},{"code":"python","status":[true,true,true,true,true,true],"time":{"$numberInt":"234"},"runtimeflg":[false,false,false,false,false,false],"runtimemsg":["","","","","",""],"mainfile":"from sys import setrecursionlimit\r\nfrom Solution import replaceCharacter\r\nsetrecursionlimit(11000)\r\nstring = input().strip()\r\nc1, c2 = (i for i in input().strip().split(' '))\r\nprint(replaceCharacter(string, c1, c2))","solutionfile":"def replaceCharacter(string, c1, c2):\r\n    if len(string)==0:\r\n        return string\r\n    string2 = replaceCharacter(string[1:],c1,c2)\r\n    if string[0]==c1:\r\n        return c2 + string2\r\n    else:\r\n        return string[0] + string2","score":{"$numberDouble":"37.50000000000001"}}]},{"id":"5e7382c4fc59537786b7825a","lecture_id":"5e71d1a3daa94a19d4adc7df","score":{"$numberInt":"0"},"submit_status":"false","python_code":{"your":"def Fibonacci(n): \n    if n<0: \n        print(\"Incorrect input\") \n    # First Fibonacci number is 0 \n    elif n==0: \n        return 0\n    # Second Fibonacci number is 1 \n    elif n==1: \n        return 1\n    else: \n        return Fibonacci(n-1)+Fibonacci(n-2) ","main":"import sys\nfrom Solution import PyramidPattern\nn=int(sys.stdin.readline())\nPyramidPattern(n)"},"cpp_code":{"your":"","main":""},"java_code":{"your":"","main":""},"submit_list":[{"code":"python","status":[false,false,false,false,false,false],"time":{"$numberInt":"79"},"runtimeflg":[true,true,true,true,true,true],"runtimemsg":["Traceback (most recent call last):\n  File \"/tmp/416272655/main.py\", line 2, in <module>\n    from Solution import PyramidPattern\nImportError: cannot import name 'PyramidPattern'\n","Traceback (most recent call last):\n  File \"/tmp/303042566/main.py\", line 2, in <module>\n    from Solution import PyramidPattern\nImportError: cannot import name 'PyramidPattern'\n","Traceback (most recent call last):\n  File \"/tmp/296226795/main.py\", line 2, in <module>\n    from Solution import PyramidPattern\nImportError: cannot import name 'PyramidPattern'\n","Traceback (most recent call last):\n  File \"/tmp/507050962/main.py\", line 2, in <module>\n    from Solution import PyramidPattern\nImportError: cannot import name 'PyramidPattern'\n","Traceback (most recent call last):\n  File \"/tmp/563692011/main.py\", line 2, in <module>\n    from Solution import PyramidPattern\nImportError: cannot import name 'PyramidPattern'\n","Traceback (most recent call last):\n  File \"/tmp/662772135/main.py\", line 2, in <module>\n    from Solution import PyramidPattern\nImportError: cannot import name 'PyramidPattern'\n"],"mainfile":"import sys\nfrom Solution import PyramidPattern\nn=int(sys.stdin.readline())\nPyramidPattern(n)","solutionfile":"def Fibonacci(n): \n    if n<0: \n        print(\"Incorrect input\") \n    # First Fibonacci number is 0 \n    elif n==0: \n        return 0\n    # Second Fibonacci number is 1 \n    elif n==1: \n        return 1\n    else: \n        return Fibonacci(n-1)+Fibonacci(n-2) ","score":{"$numberInt":"0"}}]},{"id":"5e7377bdfc59537786b78257","lecture_id":"5e71d1a3daa94a19d4adc7df","score":{"$numberDouble":"22.5"},"submit_status":"true","python_code":{"your":"def Fibonacci(n): \n    if n<0: \n        print(\"Incorrect input\") \n    # First Fibonacci number is 0 \n    elif n==0: \n        return 0\n    # Second Fibonacci number is 1 \n    elif n==1: \n        return 1\n    else: \n        return Fibonacci(n-1)+Fibonacci(n-2) ","main":"import sys\nfrom Solution import Fibonacci\nn=int(sys.stdin.readline())\nprint(Fibonacci(n))"},"cpp_code":{"your":"","main":""},"java_code":{"your":"","main":""},"submit_list":[{"code":"python","status":[true,true,true,true,true,true],"time":{"$numberInt":"176"},"runtimeflg":[false,false,false,false,false,false],"runtimemsg":["","","","","",""],"mainfile":"import sys\nfrom Solution import Fibonacci\nn=int(sys.stdin.readline())\nprint(Fibonacci(n))","solutionfile":"def Fibonacci(n): \n    if n<0: \n        print(\"Incorrect input\") \n    # First Fibonacci number is 0 \n    elif n==0: \n        return 0\n    # Second Fibonacci number is 1 \n    elif n==1: \n        return 1\n    else: \n        return Fibonacci(n-1)+Fibonacci(n-2) ","score":{"$numberDouble":"22.5"}}]},{"id":"5e78715a159a462b39c7c301","lecture_id":"5e71d336daa94a19d4adc7e3","score":{"$numberDouble":"7.5"},"submit_status":"true","submit_list":["3"]}],"bookmark_list":[{"course_id":"5e71cf69daa94a19d4adc7dd","lecture_id":"5e71d1a3daa94a19d4adc7df","item_id":"5e71d54edaa94a19d4adc7e6","deadline":"1584642600000","save_date":"26 Apr 2020"},{"course_id":"5e71cf69daa94a19d4adc7dd","lecture_id":"5e71d1a3daa94a19d4adc7df","item_id":"5e7377bdfc59537786b78257","deadline":"1584729000000","save_date":"23 Mar 2020"},{"course_id":"5e71cf69daa94a19d4adc7dd","lecture_id":"5e71d1a3daa94a19d4adc7df","item_id":"5e7382c4fc59537786b7825a","deadline":"1584729000000","save_date":"23 Mar 2020"}],"doubts_list":[],"event_list":[{"id":"5e70c75bfc59537786b78242","title":"Let Me Code with Sathyabhama University","des":"Let me Code , 3 rounds - 1 day!","start_date":"2020-03-23T16:00:00.000Z","video_url":"25069440"},{"id":"5e70c7cefc59537786b78243","title":"CODESPACE, Hackathon-NCU","des":"With NCU","start_date":"2020-03-24T16:00:00.000Z","video_url":"25069440"},{"id":"5e75f856a3fb7b4756adf2cf","title":"tit","des":"des","start_date":"2020-03-29T18:30:00.000Z","video_url":"9898"}],"username":"sudheer sandu","email":"sudheersandu.gmat@gmail.com","phone_number":"","image":"https://lh3.googleusercontent.com/a-/AOh14GgK7xMSrhDV_VIl95g9OJ8wef2_25GxkNDh02sN=s96-c","user_level":"normal","google_id":"109175803248002843653","createdAt":{"$date":{"$numberLong":"1584455812682"}},"updatedAt":{"$date":{"$numberLong":"1585127659260"}},"__v":{"$numberInt":"0"},"login_flg":true}
{"_id":{"$oid":"5e71f3f2fc59537786b7824a"},"course_list":[{"id":"5e71cf69daa94a19d4adc7dd","pay_status":"pay","batch_status":"2","batch_file":"batch_3_2","start_date":"1585679400000","remain_days_list":[{"$numberInt":"0"}],"remain_date_list":[],"pause":false,"step_status":{"id":"5e71d1a3daa94a19d4adc7df","name":" Introduction To Competitive Programming"}},{"id":"5e7092c8bbb61e725cdc7a18","pay_status":"free","batch_status":"1","step_status":{"id":"5e709321bbb61e725cdc7a19","name":"Lecture 1 : Pointers"}}],"lecture_list":[{"id":"5e71d1a3daa94a19d4adc7df","score":{"$numberInt":"0"},"step_status":{"id":"5e7377bdfc59537786b78257","name":"Fibnocci"}},{"id":"5e71d288daa94a19d4adc7e0","score":{"$numberInt":"0"},"step_status":""},{"id":"5e71d2c9daa94a19d4adc7e1","score":{"$numberInt":"0"},"step_status":""},{"id":"5e71d2fcdaa94a19d4adc7e2","score":{"$numberInt":"0"},"step_status":""},{"id":"5e71d336daa94a19d4adc7e3","score":{"$numberInt":"0"},"step_status":""},{"id":"5e71d36edaa94a19d4adc7e4","score":{"$numberInt":"0"},"step_status":""},{"id":"5e709321bbb61e725cdc7a19","score":{"$numberInt":"0"},"step_status":{"id":"5e709869bbb61e725cdc7a1b","name":"Recursion and Arrays"}},{"id":"5e70935fbbb61e725cdc7a1a","score":{"$numberInt":"0"},"step_status":""}],"lecture_content_list":[{"id":"5e71d4bfdaa94a19d4adc7e5","solution_view":false,"submit_status":"","lecture_id":"5e71d1a3daa94a19d4adc7df","score":{"$numberInt":"0"},"submit_list":[],"cpp_code":"","java_code":"","python_code":""},{"id":"5e71d54edaa94a19d4adc7e6","solution_view":false,"submit_status":"","lecture_id":"5e71d1a3daa94a19d4adc7df","score":{"$numberInt":"0"},"submit_list":[],"cpp_code":"","java_code":"","python_code":""},{"id":"5e71d6eddaa94a19d4adc7e7","solution_view":false,"submit_status":"","lecture_id":"5e71d1a3daa94a19d4adc7df","score":{"$numberInt":"0"},"submit_list":[],"cpp_code":"","java_code":"","python_code":""},{"id":"5e71d811daa94a19d4adc7e8","solution_view":false,"submit_status":"","lecture_id":"5e71d1a3daa94a19d4adc7df","score":{"$numberInt":"0"},"submit_list":[],"cpp_code":"","java_code":"","python_code":""},{"id":"5e71d8fcdaa94a19d4adc7e9","solution_view":false,"submit_status":"","lecture_id":"5e71d1a3daa94a19d4adc7df","score":{"$numberInt":"0"},"submit_list":[],"cpp_code":"","java_code":"","python_code":""},{"id":"5e71d936daa94a19d4adc7ea","solution_view":false,"submit_status":"","lecture_id":"5e71d1a3daa94a19d4adc7df","score":{"$numberInt":"0"},"submit_list":[],"cpp_code":"","java_code":"","python_code":""},{"id":"5e71d9d2daa94a19d4adc7eb","solution_view":false,"submit_status":"","lecture_id":"5e71d1a3daa94a19d4adc7df","score":{"$numberInt":"0"},"submit_list":[],"cpp_code":"","java_code":"","python_code":""},{"id":"5e71da62daa94a19d4adc7ec","solution_view":false,"submit_status":"","lecture_id":"5e71d1a3daa94a19d4adc7df","score":{"$numberInt":"0"},"submit_list":[],"cpp_code":"","java_code":"","python_code":""},{"id":"5e71dab5daa94a19d4adc7ed","solution_view":false,"submit_status":"","lecture_id":"5e71d1a3daa94a19d4adc7df","score":{"$numberInt":"0"},"submit_list":[],"cpp_code":"","java_code":"","python_code":""},{"id":"5e709869bbb61e725cdc7a1b","score":{"$numberInt":"0"},"submit_list":[],"cpp_code":"","java_code":"","python_code":""},{"id":"5e7098a3bbb61e725cdc7a1c","score":{"$numberInt":"0"},"submit_list":[],"cpp_code":"","java_code":"","python_code":""},{"id":"5e709979bbb61e725cdc7a1d","score":{"$numberInt":"0"},"submit_list":[],"cpp_code":"","java_code":"","python_code":""},{"id":"5e709a19bbb61e725cdc7a1e","score":{"$numberInt":"0"},"submit_list":[],"cpp_code":"","java_code":"","python_code":""},{"id":"5e709a9ebbb61e725cdc7a1f","score":{"$numberInt":"0"},"submit_list":[],"cpp_code":"","java_code":"","python_code":""},{"id":"5e709aeabbb61e725cdc7a20","score":{"$numberInt":"0"},"submit_list":[],"cpp_code":"","java_code":"","python_code":""},{"id":"5e709b0fbbb61e725cdc7a21","score":{"$numberInt":"0"},"submit_list":[],"cpp_code":"","java_code":"","python_code":""},{"id":"5e709b28bbb61e725cdc7a22","score":{"$numberInt":"0"},"submit_list":[],"cpp_code":"","java_code":"","python_code":""}],"bookmark_list":[{"course_id":"5e71cf69daa94a19d4adc7dd","lecture_id":"5e71d1a3daa94a19d4adc7df","item_id":"5e71d54edaa94a19d4adc7e6","deadline":"1584556200000","save_date":"2 Apr 2020"},{"course_id":"5e71cf69daa94a19d4adc7dd","lecture_id":"5e71d1a3daa94a19d4adc7df","item_id":"5e71d9d2daa94a19d4adc7eb","deadline":"1584556200000","save_date":"2 Apr 2020"}],"doubts_list":[],"event_list":[{"id":"5e70c75bfc59537786b78242","title":"Let Me Code with Sathyabhama University","des":"Let me Code , 3 rounds - 1 day!","start_date":"2020-03-23T16:00:00.000Z","video_url":"25069440"}],"username":"sushanth sandhu","email":"devilsheart006@gmail.com","phone_number":"","image":"https://lh3.googleusercontent.com/a-/AOh14GgDSMJPPEQcnaASO0lp1wibnk7ZogC0SfCSogH_Yw=s96-c","user_level":"normal","google_id":"116367051676355976044","createdAt":{"$date":{"$numberLong":"1584526322432"}},"updatedAt":{"$date":{"$numberLong":"1584790557465"}},"__v":{"$numberInt":"0"}}
{"_id":{"$oid":"5e71f453fc59537786b7824b"},"course_list":[{"id":"5e71cf69daa94a19d4adc7dd","pay_status":"free","batch_status":"1","step_status":{"id":"5e71d1a3daa94a19d4adc7df","name":" Introduction To Competitive Programming"}},{"id":"5e7092c8bbb61e725cdc7a18","pay_status":"free","batch_status":"1","step_status":{"id":"5e709321bbb61e725cdc7a19","name":"Lecture 1 : Pointers"}}],"lecture_list":[{"id":"5e71d1a3daa94a19d4adc7df","score":{"$numberInt":"0"},"step_status":{"id":"5e71d936daa94a19d4adc7ea","name":"Notes: Recursion"}},{"id":"5e71d288daa94a19d4adc7e0","score":{"$numberInt":"0"},"step_status":""},{"id":"5e71d2c9daa94a19d4adc7e1","score":{"$numberInt":"0"},"step_status":""},{"id":"5e71d2fcdaa94a19d4adc7e2","score":{"$numberInt":"0"},"step_status":""},{"id":"5e71d336daa94a19d4adc7e3","score":{"$numberInt":"0"},"step_status":""},{"id":"5e71d36edaa94a19d4adc7e4","score":{"$numberInt":"0"},"step_status":""},{"id":"5e709321bbb61e725cdc7a19","score":{"$numberInt":"0"},"step_status":{"id":"5e709869bbb61e725cdc7a1b","name":"Recursion and Arrays"}},{"id":"5e70935fbbb61e725cdc7a1a","score":{"$numberInt":"0"},"step_status":""}],"lecture_content_list":[{"id":"5e71d4bfdaa94a19d4adc7e5","score":{"$numberInt":"0"},"submit_list":[],"cpp_code":"","java_code":"","python_code":""},{"id":"5e71d54edaa94a19d4adc7e6","score":{"$numberInt":"0"},"submit_list":[],"cpp_code":"","java_code":"","python_code":""},{"id":"5e71d6eddaa94a19d4adc7e7","score":{"$numberInt":"0"},"submit_list":[],"cpp_code":"","java_code":"","python_code":""},{"id":"5e71d811daa94a19d4adc7e8","score":{"$numberInt":"0"},"submit_list":[],"cpp_code":"","java_code":"","python_code":""},{"id":"5e71d8fcdaa94a19d4adc7e9","score":{"$numberInt":"0"},"submit_list":[],"cpp_code":"","java_code":"","python_code":""},{"id":"5e71d936daa94a19d4adc7ea","score":{"$numberInt":"0"},"submit_list":[],"cpp_code":"","java_code":"","python_code":""},{"id":"5e71d9d2daa94a19d4adc7eb","score":{"$numberInt":"0"},"submit_list":[],"cpp_code":"","java_code":"","python_code":""},{"id":"5e71da62daa94a19d4adc7ec","score":{"$numberInt":"0"},"submit_list":[],"cpp_code":"","java_code":"","python_code":""},{"id":"5e71dab5daa94a19d4adc7ed","score":{"$numberInt":"0"},"submit_list":[],"cpp_code":"","java_code":"","python_code":""},{"id":"5e709869bbb61e725cdc7a1b","score":{"$numberInt":"0"},"submit_list":[],"cpp_code":"","java_code":"","python_code":""},{"id":"5e7098a3bbb61e725cdc7a1c","score":{"$numberInt":"0"},"submit_list":[],"cpp_code":"","java_code":"","python_code":""},{"id":"5e709979bbb61e725cdc7a1d","score":{"$numberInt":"0"},"submit_list":[],"cpp_code":"","java_code":"","python_code":""},{"id":"5e709a19bbb61e725cdc7a1e","score":{"$numberInt":"0"},"submit_list":[],"cpp_code":"","java_code":"","python_code":""},{"id":"5e709a9ebbb61e725cdc7a1f","score":{"$numberInt":"0"},"submit_list":[],"cpp_code":"","java_code":"","python_code":""},{"id":"5e709aeabbb61e725cdc7a20","score":{"$numberInt":"0"},"submit_list":[],"cpp_code":"","java_code":"","python_code":""},{"id":"5e709b0fbbb61e725cdc7a21","score":{"$numberInt":"0"},"submit_list":[],"cpp_code":"","java_code":"","python_code":""},{"id":"5e709b28bbb61e725cdc7a22","score":{"$numberInt":"0"},"submit_list":[],"cpp_code":"","java_code":"","python_code":""}],"bookmark_list":[],"doubts_list":[],"event_list":[],"username":"Sudheer Sandu","email":"sudheer.sandu@gmail.com","phone_number":"","image":"https://lh3.googleusercontent.com/a-/AOh14GhSaJ_8cng2Y13HxHlC2hoKWm6hJ60wOLYv1seZxQ=s96-c","user_level":"normal","google_id":"114094151709974140601","createdAt":{"$date":{"$numberLong":"1584526419633"}},"updatedAt":{"$date":{"$numberLong":"1585057494701"}},"__v":{"$numberInt":"0"},"login_flg":false}
{"_id":{"$oid":"5e74c69eed01711b2c79a832"},"course_list":[{"id":"5e71cf69daa94a19d4adc7dd","pay_status":"pay","batch_status":"2","batch_file":"batch_3_2","start_date":"1584230400000","remain_days_list":[{"$numberInt":"0"}],"remain_date_list":[],"pause":false,"step_status":{"id":"5e71d1a3daa94a19d4adc7df","name":" Introduction To Competitive Programming"}},{"id":"5e7092c8bbb61e725cdc7a18","pay_status":"pay","batch_status":"2","batch_file":"batch_3_2","start_date":"1584230400000","remain_days_list":[{"$numberInt":"0"}],"remain_date_list":[],"pause":false,"step_status":""},{"id":"5e78c88b228f3634ed9140c5","pay_status":"pay","batch_status":"1","batch_file":"batch_4_1","start_date":"1585670400000","remain_days_list":[{"$numberInt":"0"}],"remain_date_list":[],"pause":false,"step_status":""}],"lecture_list":null,"lecture_content_list":[{"id":"5e71d6eddaa94a19d4adc7e7","lecture_id":"5e71d1a3daa94a19d4adc7df","score":{"$numberInt":"0"},"submit_status":"false","python_code":{"your":"asdasdasd","main":""},"cpp_code":{"your":"","main":""},"java_code":{"your":"","main":""},"submit_list":[{"code":"python","status":[false,false,false,false,false,false],"time":{"$numberInt":"293"},"runtimeflg":[true,true,true,true,true,true],"runtimemsg":["Traceback (most recent call last):\n  File \"/tmp/113439341/Solution.py\", line 1, in <module>\n    asdasdasd\nNameError: name 'asdasdasd' is not defined\n","Traceback (most recent call last):\n  File \"/tmp/217233288/Solution.py\", line 1, in <module>\n    asdasdasd\nNameError: name 'asdasdasd' is not defined\n","Traceback (most recent call last):\n  File \"/tmp/217233288/Solution.py\", line 1, in <module>\n    asdasdasd\nNameError: name 'asdasdasd' is not defined\n","Traceback (most recent call last):\n  File \"/tmp/217233288/Solution.py\", line 1, in <module>\n    asdasdasd\nNameError: name 'asdasdasd' is not defined\n","Traceback (most recent call last):\n  File \"/tmp/217233288/Solution.py\", line 1, in <module>\n    asdasdasd\nNameError: name 'asdasdasd' is not defined\n","Traceback (most recent call last):\n  File \"/tmp/217233288/Solution.py\", line 1, in <module>\n    asdasdasd\nNameError: name 'asdasdasd' is not defined\n"],"mainfile":"","solutionfile":"asdasdasd","score":{"$numberInt":"0"}}]},{"id":"5e7382c4fc59537786b7825a","lecture_id":"5e71d1a3daa94a19d4adc7df","score":{"$numberDouble":"33.75"},"submit_status":"true","python_code":{"your":"def PyramidPattern(n): \n    n = n\n    num = 1\n    gap = n - 1\n    for j in range(1, n + 1) : \n        num = j\n        for i in range(1, gap + 1):\n            print(\" \",end='')\n        gap = gap -1\n        for i in range(1,j+1):\n            print(num, end=\"\")\n            num = num+1\n        num = num -2\n        for i in range(1,j):\n            print(num, end=\"\")\n            num = num - 1\n        print()","main":"import sys\nfrom Solution import PyramidPattern\nn=int(sys.stdin.readline())\nPyramidPattern(n)"},"cpp_code":{"your":"","main":""},"java_code":{"your":"","main":""},"submit_list":[{"code":"python","status":[true,true,true,true,true,true],"time":{"$numberInt":"295"},"runtimeflg":[false,false,false,false,false,false],"runtimemsg":["","","","","",""],"mainfile":"import sys\nfrom Solution import PyramidPattern\nn=int(sys.stdin.readline())\nPyramidPattern(n)","solutionfile":"def PyramidPattern(n): \n    n = n\n    num = 1\n    gap = n - 1\n    for j in range(1, n + 1) : \n        num = j\n        for i in range(1, gap + 1):\n            print(\" \",end='')\n        gap = gap -1\n        for i in range(1,j+1):\n            print(num, end=\"\")\n            num = num+1\n        num = num -2\n        for i in range(1,j):\n            print(num, end=\"\")\n            num = num - 1\n        print()","score":{"$numberDouble":"33.75"}}]},{"id":"5e75f147a3fb7b4756adf2ca","lecture_id":"5e71d1a3daa94a19d4adc7df","score":{"$numberDouble":"37.50000000000001"},"submit_status":"true","python_code":{"your":"def replaceCharacter(string, c1, c2):\r\n    if len(string)==0:\r\n        return string\r\n    string2 = replaceCharacter(string[1:],c1,c2)\r\n    if string[0]==c1:\r\n        return c2 + string2\r\n    else:\r\n        return string[0] + string2","main":"from sys import setrecursionlimit\r\nfrom Solution import replaceCharacter\r\nsetrecursionlimit(11000)\r\nstring = input().strip()\r\nc1, c2 = (i for i in input().strip().split(' '))\r\nprint(replaceCharacter(string, c1, c2))"},"cpp_code":{"your":"","main":""},"java_code":{"your":"","main":""},"submit_list":[{"code":"python","status":[true,true,true,true,true,true],"time":{"$numberInt":"269"},"runtimeflg":[false,false,false,false,false,false],"runtimemsg":["","","","","",""],"mainfile":"from sys import setrecursionlimit\r\nfrom Solution import replaceCharacter\r\nsetrecursionlimit(11000)\r\nstring = input().strip()\r\nc1, c2 = (i for i in input().strip().split(' '))\r\nprint(replaceCharacter(string, c1, c2))","solutionfile":"def replaceCharacter(string, c1, c2):\r\n    if len(string)==0:\r\n        return string\r\n    string2 = replaceCharacter(string[1:],c1,c2)\r\n    if string[0]==c1:\r\n        return c2 + string2\r\n    else:\r\n        return string[0] + string2","score":{"$numberDouble":"37.50000000000001"}}]},{"id":"5e71d9d2daa94a19d4adc7eb","lecture_id":"5e71d1a3daa94a19d4adc7df","score":{"$numberInt":"0"},"submit_status":"false","submit_list":["Runtime Error"]},{"id":"5e71da62daa94a19d4adc7ec","lecture_id":"5e71d1a3daa94a19d4adc7df","score":{"$numberDouble":"7.5"},"submit_status":"true","submit_list":["int x;"]}],"bookmark_list":[],"doubts_list":[],"event_list":[{"id":"5e70c7cefc59537786b78243","title":"CODESPACE, Hackathon-NCU","des":"With NCU","start_date":"2020-03-24T16:00:00.000Z","video_url":"25069440"}],"username":"React developer","email":"reactdev1999@gmail.com","phone_number":"","image":"https://lh3.googleusercontent.com/a-/AOh14GhkwZZJ9HafqRJmiWXPcURhsNScU8hDJrjSzMur=s96-c","user_level":"normal","google_id":"103180088501564001414","createdAt":{"$date":{"$numberLong":"1584711326304"}},"updatedAt":{"$date":{"$numberLong":"1585154458015"}},"__v":{"$numberInt":"0"},"login_flg":false}
{"_id":{"$oid":"5e7a07c7719744689ef4b4bd"},"course_list":[],"lecture_list":[],"lecture_content_list":[],"bookmark_list":[],"doubts_list":[],"event_list":[],"username":"pu cheng","email":"info@api.codeprove.com","phone_number":"","image":"https://lh5.googleusercontent.com/-9GxTXFvhT2c/AAAAAAAAAAI/AAAAAAAAAAA/AKF05nB_yigvMp4g_P3CycvxAT4lyN8dAQ/s96-c/photo.jpg","user_level":"normal","google_id":"110743751655755015260","login_flg":true,"createdAt":{"$date":{"$numberLong":"1585055687685"}},"updatedAt":{"$date":{"$numberLong":"1585055687685"}},"__v":{"$numberInt":"0"}}
